arxiv_category,aggregated_keywords,contributing_domains
physics.hist-ph,"[[""Copernican principle"", ""Giordano Bruno"", ""celestial mechanics"", ""astronomical philosophy"", ""heliocentrism""], [""gravitational force"", ""centripetal force"", ""Hooke-Newton correspondence"", ""Newtonian mechanics""], [""Copernican principle"", ""Giordano Bruno"", ""Copernican concept"", ""Renaissance philosophy"", ""heliocentrism""], [""celestial mechanics"", ""Giordano Bruno"", ""Copernican framework"", ""astronomical philosophy""], [""classical mechanics history"", ""gravitational force"", ""centripetal force"", ""Newton-Hooke correspondence""], [""inverse square law"", ""tangential motion"", ""radially directed force"", ""Newton's manuscripts"", ""linear inertia"", ""Hooke's work""], [""Isaac Newton"", ""centripetal force"", ""scientific correspondence"", ""Robert Hooke"", ""gravitational theory""], [""Giordano Bruno"", ""Copernican concept"", ""Copernican framework"", ""Copernican theory"", ""astronomical philosophy"", ""heliocentrism""]]",History Of Science
cond-mat.mtrl-sci,"[[""electrical resistance"", ""lattice vibrations"", ""metallic conductivity"", ""ionic impurities""], [""transformation temperature"", ""proeutectoid"", ""microstructure"", ""phase transformation"", ""base metal solidification"", ""solidification"", ""eutectoid level""], [""non-crystalline alloys"", ""electrical resistivity"", ""coercivity"", ""low coercivity"", ""hysteresis loss"", ""amorphous ferromagnetic metallic alloys"", ""high permeability""], [""shear strength"", ""mechanical properties"", ""metallurgy"", ""upper critical temperature"", ""tensile strength"", ""grain growth""], [""electrical resistance"", ""lattice vibrations"", ""thermal vibration"", ""metallic purity"", ""ionic irregularities""], [""high-frequency optics"", ""high-frequency response"", ""high-frequency refraction"", ""optical transparency"", ""electromagnetic absorption"", ""dielectric loss"", ""material transparency""], [""electromagnetic absorption"", ""high-frequency propagation"", ""dielectric loss"", ""material transparency""], [""crystal oscillators"", ""piezoelectric strain coefficient"", ""electromechanical coupling"", ""AT-cut quartz"", ""crystal lattice""], [""inversion point"", ""mirror plane"", ""improper rotation"", ""symmetry elements"", ""rotation axis""], [""three-dimensional space"", ""crystallographic point groups"", ""crystal systems"", ""symmetry operations""], [""NMR frequency"", ""magnetic susceptibility"", ""crystal susceptibility"", ""magnetic field distortion"", ""Evans balance""]]",Materials Science; Crystallography; Magnetic Resonance Spectroscopy; Magnetic Resonance Physics
nlin.AO,"[[""Ilya Prigogine"", ""complexity from noise"", ""dissipative structures"", ""non-equilibrium thermodynamics""]]",Complexity Theory
physics.ao-ph,"[[""emerging organized systems"", ""large-scale processes"", ""emerging organized structures"", ""aggregated feedback"", ""time-varying multistability""], [""large-scale processes"", ""organized frameworks"", ""aggregated feedback"", ""time-varying multistability"", ""chaotic dynamics""], [""emerging organized frameworks"", ""large-scale processes"", ""aggregated feedback"", ""time-varying multistability"", ""emerging organized mechanisms""], [""atmospheric refraction"", ""light wavelength"", ""spectral absorption"", ""Rayleigh scattering""]]",Atmospheric Science; Atmospheric Optics
math.PR,"[[""probability mass function"", ""probability density function"", ""continuous vs discrete distributions"", ""random variables""]]",Probability Theory
cond-mat.str-el,"[[""magnetic fields"", ""De Haas-Van Alphen effect"", ""magnetization"", ""Fermi surface"", ""differential susceptibility""], [""quantum phenomena"", ""magnetic field"", ""electromagnetic phenomena"", ""spin axis"", ""superconductor"", ""quantum mechanics""], [""density of states"", ""metallic conductivity"", ""electronic entropy"", ""Fermi level"", ""insulator properties""], [""microscopic length scales"", ""permittivity"", ""wavevector dependence"", ""material parameters"", ""spatial dispersion"", ""continuous media""], [""density of states"", ""solid-state physics"", ""electronic entropy"", ""Fermi level"", ""insulators and metals""], [""physical structure"", ""physical systems"", ""phase transitions"", ""symmetry breaking"", ""order parameter""], [""physical framework"", ""physical mechanisms"", ""phase transitions"", ""symmetry breaking"", ""order parameter""], [""magnetic field oscillations"", ""AC permeability"", ""De Haas-Van Alphen effect"", ""Fermi surface"", ""differential susceptibility""], [""collective field"", ""electromagnetic gauge symmetry"", ""superconductors"", ""order parameter""], [""magnetization dynamics"", ""precessional motion"", ""Landau-Lifshitz-Gilbert equation"", ""ferromagnetic materials"", ""micromagnetics""], [""magnetic dipoles"", ""paramagnetism"", ""unpaired electrons"", ""thermal agitation"", ""magnetic moments"", ""dipole interaction"", ""permanent moment"", ""angular momentum""]]",Condensed Matter Physics; Magnetism Physics; Quantum Magnetism
astro-ph.GA,"[[""molecular clouds"", ""internal pressure"", ""stellar formation"", ""interstellar medium"", ""gravitational collapse""], [""gravitationally bound"", ""orbital mechanics"", ""non-stellar objects"", ""planetary structure""], [""astronomical spectroscopy"", ""stellar velocity"", ""Doppler effect"", ""Fraunhofer lines""], [""energy shifts"", ""radiation field"", ""blueshifting"", ""redshifting"", ""light-matter interactions""], [""cosmic rays"", ""galactic gas"", ""ionic and molecular matter"", ""interstellar medium""], [""celestial mechanics"", ""Roche limit"", ""tidal forces"", ""gravitational disintegration"", ""orbital mechanics"", ""orbital dynamics""], [""supermassive black hole"", ""Sagittarius A*"", ""stellar orbits"", ""solar mass units""], [""Crab pulsar"", ""neutron star model"", ""compact objects"", ""pulsar astronomy"", ""stellar evolution"", ""rotating neutron star""], [""ionic gas"", ""galactic matter"", ""cosmic rays"", ""galactic framework"", ""interstellar medium""], [""stellar velocity"", ""Doppler effect"", ""redshift"", ""observational astronomy"", ""astronomical observation""], [""astronomical measurements"", ""stellar magnitude"", ""apparent brightness"", ""astronomical measurement"", ""logarithmic scale""], [""Modified Newtonian Dynamics"", ""baryonic mass"", ""velocity dispersions"", ""galaxy clusters""], [""light travel time"", ""celestial observation"", ""orbital mechanics"", ""light-travel time"", ""planetary motion""], [""ionic gas"", ""cosmic rays"", ""interstellar medium"", ""galactic structures"", ""intergalactic space""], [""astronomical distance"", ""astronomical measurements"", ""stellar metallicity"", ""stellar composition"", ""Kapteyn's star""], [""supernova types"", ""progenitor star"", ""stellar metallicity"", ""stellar evolution"", ""progenitor stars""], [""spectral analysis"", ""ultraviolet absorption"", ""interstellar medium"", ""atomic hydrogen"", ""Lyman-alpha transition""], [""Preon stars"", ""WIMPs"", ""MACHOs"", ""axions"", ""cold dark matter""], [""Penrose process"", ""black hole dynamics"", ""rotational energy"", ""ergosphere""], [""hydrostatic equilibrium"", ""molecular clouds"", ""stellar formation"", ""gravitational collapse""], [""galactic dynamics"", ""dark matter"", ""Modified Newtonian Dynamics"", ""general relativity"", ""universal gravitation""], [""stellar evolution"", ""stellar composition"", ""metallicity"", ""Kapteyn's star"", ""solar abundance""], [""supermassive black hole"", ""solar mass"", ""Sagittarius A*"", ""stellar orbits"", ""orbital mechanics"", ""solar masses""], [""LIGO"", ""parallel analysis"", ""gravitational waves"", ""binary black holes"", ""Einstein@Home"", ""distributed computing""], [""synchrotron emission"", ""supernova remnants"", ""high-velocity electrons"", ""ionized gas"", ""non-thermal emission"", ""magnetic fields""], [""stellar luminosity"", ""Hertzsprung-Russell diagram"", ""stellar evolution"", ""dwarf stars"", ""main sequence""], [""substellar mass"", ""Class L dwarfs"", ""metal hydrides"", ""hydrogen fusion"", ""brown dwarfs""], [""organic molecules"", ""Stardust mission"", ""molecular ices"", ""interstellar ices"", ""cometary chemistry"", ""interstellar chemistry""], [""galactic morphology"", ""surface brightness"", ""isophotal diameter"", ""observational astronomy""], [""observational cosmology"", ""apparent surface brightness"", ""galactic morphology"", ""isophotal diameter"", ""observational astronomy""]]",Astrophysics; Astrochemistry; Extragalactic Astronomy
math.DG,"[[""degrees of freedom"", ""mathematical dimension"", ""intrinsic property"", ""coordinate systems"", ""extrinsic property""], [""degrees of freedom"", ""mathematical dimension"", ""independent parameters"", ""spatial embedding"", ""extrinsic property""], [""geometric shapes"", ""regular polytope"", ""geometric symmetry"", ""symmetry group"", ""flag-transitivity""]]",Geometry
astro-ph.HE,"[[""molecular clouds"", ""internal pressure"", ""stellar formation"", ""interstellar medium"", ""gravitational collapse""], [""gravitationally bound"", ""orbital mechanics"", ""non-stellar objects"", ""planetary structure""], [""astronomical spectroscopy"", ""stellar velocity"", ""Doppler effect"", ""Fraunhofer lines""], [""energy shifts"", ""radiation field"", ""blueshifting"", ""redshifting"", ""light-matter interactions""], [""cosmic rays"", ""galactic gas"", ""ionic and molecular matter"", ""interstellar medium""], [""celestial mechanics"", ""Roche limit"", ""tidal forces"", ""gravitational disintegration"", ""orbital mechanics"", ""orbital dynamics""], [""supermassive black hole"", ""Sagittarius A*"", ""stellar orbits"", ""solar mass units""], [""Crab pulsar"", ""neutron star model"", ""compact objects"", ""pulsar astronomy"", ""stellar evolution"", ""rotating neutron star""], [""ionic gas"", ""galactic matter"", ""cosmic rays"", ""galactic framework"", ""interstellar medium""], [""stellar velocity"", ""Doppler effect"", ""redshift"", ""observational astronomy"", ""astronomical observation""], [""astronomical measurements"", ""stellar magnitude"", ""apparent brightness"", ""astronomical measurement"", ""logarithmic scale""], [""Modified Newtonian Dynamics"", ""baryonic mass"", ""velocity dispersions"", ""galaxy clusters""], [""light travel time"", ""celestial observation"", ""orbital mechanics"", ""light-travel time"", ""planetary motion""], [""ionic gas"", ""cosmic rays"", ""interstellar medium"", ""galactic structures"", ""intergalactic space""], [""astronomical distance"", ""astronomical measurements"", ""stellar metallicity"", ""stellar composition"", ""Kapteyn's star""], [""supernova types"", ""progenitor star"", ""stellar metallicity"", ""stellar evolution"", ""progenitor stars""], [""spectral analysis"", ""ultraviolet absorption"", ""interstellar medium"", ""atomic hydrogen"", ""Lyman-alpha transition""], [""Preon stars"", ""WIMPs"", ""MACHOs"", ""axions"", ""cold dark matter""], [""Penrose process"", ""black hole dynamics"", ""rotational energy"", ""ergosphere""], [""hydrostatic equilibrium"", ""molecular clouds"", ""stellar formation"", ""gravitational collapse""], [""galactic dynamics"", ""dark matter"", ""Modified Newtonian Dynamics"", ""general relativity"", ""universal gravitation""], [""stellar evolution"", ""stellar composition"", ""metallicity"", ""Kapteyn's star"", ""solar abundance""], [""supermassive black hole"", ""solar mass"", ""Sagittarius A*"", ""stellar orbits"", ""orbital mechanics"", ""solar masses""], [""LIGO"", ""parallel analysis"", ""gravitational waves"", ""binary black holes"", ""Einstein@Home"", ""distributed computing""], [""synchrotron emission"", ""supernova remnants"", ""high-velocity electrons"", ""ionized gas"", ""non-thermal emission"", ""magnetic fields""], [""stellar luminosity"", ""Hertzsprung-Russell diagram"", ""stellar evolution"", ""dwarf stars"", ""main sequence""], [""substellar mass"", ""Class L dwarfs"", ""metal hydrides"", ""hydrogen fusion"", ""brown dwarfs""]]",Astrophysics
cond-mat.supr-con,"[[""magnetic fields"", ""De Haas-Van Alphen effect"", ""magnetization"", ""Fermi surface"", ""differential susceptibility""], [""quantum phenomena"", ""magnetic field"", ""electromagnetic phenomena"", ""spin axis"", ""superconductor"", ""quantum mechanics""], [""density of states"", ""metallic conductivity"", ""electronic entropy"", ""Fermi level"", ""insulator properties""], [""microscopic length scales"", ""permittivity"", ""wavevector dependence"", ""material parameters"", ""spatial dispersion"", ""continuous media""], [""density of states"", ""solid-state physics"", ""electronic entropy"", ""Fermi level"", ""insulators and metals""], [""physical structure"", ""physical systems"", ""phase transitions"", ""symmetry breaking"", ""order parameter""], [""physical framework"", ""physical mechanisms"", ""phase transitions"", ""symmetry breaking"", ""order parameter""], [""magnetic field oscillations"", ""AC permeability"", ""De Haas-Van Alphen effect"", ""Fermi surface"", ""differential susceptibility""], [""collective field"", ""electromagnetic gauge symmetry"", ""superconductors"", ""order parameter""]]",Condensed Matter Physics
cond-mat.stat-mech,"[[""heat transfer"", ""forced convection"", ""density displacement"", ""buoyancy-driven flow"", ""fluid dynamics"", ""natural convection""], [""internal state"", ""thermodynamic operation"", ""inhomogeneous physical structure"", ""equilibrium dynamics"", ""substructures""], [""internal state"", ""thermodynamic operation"", ""inhomogeneous physical system"", ""subsystem isolation""], [""isolated system"", ""inhomogeneous physical framework"", ""internal state"", ""thermodynamic operation"", ""subframeworks""], [""grey bodies"", ""emissivity"", ""Stefan-Boltzmann law"", ""radiative behavior"", ""black-body radiation""], [""internal state"", ""thermodynamic operation"", ""inhomogeneous physical framework"", ""substructure equilibrium""], [""pressure drop"", ""adiabatic flow"", ""refrigeration cycle"", ""fluid dynamics"", ""throttling process"", ""flow resistance""], [""quasi-static process"", ""thermal reservoirs"", ""Carnot engine"", ""heat engine efficiency""], [""heat transfer"", ""surface properties"", ""radiative heat transfer"", ""emissivity"", ""thermal radiation""], [""surface phenomena"", ""non-volatile materials"", ""particle dynamics"", ""reactive Leidenfrost effect""], [""isolated system"", ""submechanisms"", ""inhomogeneous physical mechanism"", ""internal state"", ""thermodynamic operation""], [""isolated systems"", ""submechanisms"", ""inhomogeneous physical mechanism"", ""inhomogeneous physical framework"", ""internal state"", ""thermodynamic operation"", ""substructures""], [""statistical mechanics"", ""kinetic theory"", ""entropy"", ""Maxwell's Demon"", ""second law of thermodynamics""], [""cyclic process"", ""internal energy"", ""heat energy interconversions"", ""second law of thermodynamics"", ""conservation of energy""], [""dynamic scaling"", ""time-dependent snapshots"", ""time-dependent frameworks"", ""time-dependent evolution"", ""stochastic variables"", ""self-similar mechanisms""], [""dynamic scaling"", ""stochastic variables"", ""time-dependent evolution"", ""self-similar systems""], [""dynamic scaling"", ""time-dependent evolution"", ""self-similar structures"", ""stochastic variables"", ""self-similar frameworks""]]",Thermodynamics; Statistical Physics
hep-ph,"[[""early universe"", ""baryogenesis"", ""matter asymmetry"", ""quark-antiquark pairs""], [""quarks"", ""antiquarks"", ""particle density"", ""quantum chromodynamics"", ""chemical potential""], [""early universe"", ""baryogenesis"", ""quark-antiquark pairs"", ""matter-antimatter asymmetry"", ""baryon asymmetry""], [""mass generation"", ""elementary particles"", ""Higgs boson"", ""gauge bosons"", ""Standard Model""], [""proximity-focusing"", ""photon detector plane"", ""Cherenkov radiation"", ""Cherenkov emission"", ""RICH detector""], [""magnetic monopole"", ""electromagnetism"", ""elementary particle"", ""isolated magnetic pole""], [""CP symmetry"", ""weak interactions"", ""Nobel Prize physics"", ""Kobayashi-Maskawa matrix"", ""Standard Model""], [""noble liquid detectors"", ""interaction cross section"", ""dark matter experiments"", ""dark matter detection"", ""scintillation"", ""cryogenic detectors""], [""baryon structure"", ""color charges"", ""quark-diquark models"", ""effective supersymmetry""]]",Particle Physics
astro-ph.SR,"[[""molecular clouds"", ""internal pressure"", ""stellar formation"", ""interstellar medium"", ""gravitational collapse""], [""gravitationally bound"", ""orbital mechanics"", ""non-stellar objects"", ""planetary structure""], [""astronomical spectroscopy"", ""stellar velocity"", ""Doppler effect"", ""Fraunhofer lines""], [""energy shifts"", ""radiation field"", ""blueshifting"", ""redshifting"", ""light-matter interactions""], [""cosmic rays"", ""galactic gas"", ""ionic and molecular matter"", ""interstellar medium""], [""celestial mechanics"", ""Roche limit"", ""tidal forces"", ""gravitational disintegration"", ""orbital mechanics"", ""orbital dynamics""], [""supermassive black hole"", ""Sagittarius A*"", ""stellar orbits"", ""solar mass units""], [""Crab pulsar"", ""neutron star model"", ""compact objects"", ""pulsar astronomy"", ""stellar evolution"", ""rotating neutron star""], [""ionic gas"", ""galactic matter"", ""cosmic rays"", ""galactic framework"", ""interstellar medium""], [""stellar velocity"", ""Doppler effect"", ""redshift"", ""observational astronomy"", ""astronomical observation""], [""astronomical measurements"", ""stellar magnitude"", ""apparent brightness"", ""astronomical measurement"", ""logarithmic scale""], [""Modified Newtonian Dynamics"", ""baryonic mass"", ""velocity dispersions"", ""galaxy clusters""], [""light travel time"", ""celestial observation"", ""orbital mechanics"", ""light-travel time"", ""planetary motion""], [""ionic gas"", ""cosmic rays"", ""interstellar medium"", ""galactic structures"", ""intergalactic space""], [""astronomical distance"", ""astronomical measurements"", ""stellar metallicity"", ""stellar composition"", ""Kapteyn's star""], [""supernova types"", ""progenitor star"", ""stellar metallicity"", ""stellar evolution"", ""progenitor stars""], [""spectral analysis"", ""ultraviolet absorption"", ""interstellar medium"", ""atomic hydrogen"", ""Lyman-alpha transition""], [""Preon stars"", ""WIMPs"", ""MACHOs"", ""axions"", ""cold dark matter""], [""Penrose process"", ""black hole dynamics"", ""rotational energy"", ""ergosphere""], [""hydrostatic equilibrium"", ""molecular clouds"", ""stellar formation"", ""gravitational collapse""], [""galactic dynamics"", ""dark matter"", ""Modified Newtonian Dynamics"", ""general relativity"", ""universal gravitation""], [""stellar evolution"", ""stellar composition"", ""metallicity"", ""Kapteyn's star"", ""solar abundance""], [""supermassive black hole"", ""solar mass"", ""Sagittarius A*"", ""stellar orbits"", ""orbital mechanics"", ""solar masses""], [""LIGO"", ""parallel analysis"", ""gravitational waves"", ""binary black holes"", ""Einstein@Home"", ""distributed computing""], [""synchrotron emission"", ""supernova remnants"", ""high-velocity electrons"", ""ionized gas"", ""non-thermal emission"", ""magnetic fields""], [""stellar luminosity"", ""Hertzsprung-Russell diagram"", ""stellar evolution"", ""dwarf stars"", ""main sequence""], [""substellar mass"", ""Class L dwarfs"", ""metal hydrides"", ""hydrogen fusion"", ""brown dwarfs""]]",Astrophysics
quant-ph,"[[""wave function"", ""Hilbert space"", ""quantum framework"", ""complex vector space"", ""quantum state vector""], [""quantum mechanical structure"", ""Hilbert space"", ""quantum mechanics"", ""complex vector space"", ""state vector""], [""Hamiltonians"", ""partner Hamiltonians"", ""energy spectra"", ""eigenstates"", ""supersymmetric quantum mechanics""], [""noble gas"", ""wave framework"", ""Ramsauer-Townsend effect"", ""wave principle"", ""electron scattering"", ""quantum mechanics""], [""linear momentum"", ""quantum framework"", ""particle spin"", ""angular momentum"", ""quantum dynamics""], [""quantum mechanical mechanism"", ""Hilbert space"", ""quantum framework"", ""complex vector space"", ""state vector""], [""wave framework"", ""Ramsauer-Townsend effect"", ""noble gas interaction"", ""wave theory"", ""electron scattering""], [""quantum mechanical framework"", ""Hilbert space"", ""complex vector space"", ""state vector"", ""quantum state""], [""probability amplitudes"", ""wave function"", ""classical analogy"", ""quantum state""], [""spin quantum number"", ""elementary particles"", ""reduced Planck constant"", ""angular momentum""], [""physical framework"", ""linear momentum"", ""quantum mechanics"", ""particle spin"", ""angular momentum"", ""point-like motions""], [""Hamiltonians"", ""energy degeneracy"", ""eigenstates"", ""supersymmetric quantum mechanics""], [""quasiprobability distribution"", ""phase space"", ""quantum-mechanical interference"", ""Liouville density""], [""Wigner function"", ""phase-space integral"", ""Wigner transform"", ""Moyal bracket"", ""density matrix operator""], [""Ramsauer-Townsend effect"", ""noble gas interaction"", ""wave principle"", ""electron scattering""], [""quantized eigenvalues"", ""Heisenberg uncertainty principle"", ""spin"", ""tensorial operator"", ""angular momentum""], [""particle spin"", ""Newton's second law"", ""angular momentum"", ""point-like motions""], [""superposition principle"", ""probability amplitudes"", ""wave function"", ""superposition principles"", ""quantum state""], [""observable effects"", ""particle physics"", ""virtual particles"", ""quantum field theory""], [""energy distribution"", ""ultraviolet catastrophe"", ""electromagnetic radiation"", ""classical physics""], [""superconductivity"", ""Planck constant"", ""magnetic flux quantum"", ""Josephson effect"", ""SQUIDs""]]",Quantum Mechanics; Quantum Physics
math.MG,"[[""degrees of freedom"", ""mathematical dimension"", ""intrinsic property"", ""coordinate systems"", ""extrinsic property""], [""degrees of freedom"", ""mathematical dimension"", ""independent parameters"", ""spatial embedding"", ""extrinsic property""], [""geometric shapes"", ""regular polytope"", ""geometric symmetry"", ""symmetry group"", ""flag-transitivity""], [""hyperbolic plane"", ""isogonal"", ""vertex-transitive"", ""tessellation"", ""uniform tiling""]]",Geometry; Hyperbolic Geometry
math.AG,"[[""rational normal curve"", ""projective transformations"", ""group isomorphism"", ""isomorphic groups"", ""Hesse's principle of transfer""]]",Projective Geometry
physics.chem-ph,"[[""molecular geometry"", ""identical nuclei"", ""center of mass"", ""molecular rotation"", ""permutation-inversion groups"", ""symmetry operations""], [""identity operation"", ""point group theory"", ""molecular geometry"", ""symmetry groups""], [""identity operation"", ""center of inversion"", ""inversion center"", ""symmetry groups"", ""plane of symmetry"", ""center of mass""], [""organic molecules"", ""Stardust mission"", ""molecular ices"", ""interstellar ices"", ""cometary chemistry"", ""interstellar chemistry""], [""molecular eigenvalues"", ""electromagnetic Hamiltonian"", ""symmetry labels"", ""parity operation""], [""NMR frequency"", ""magnetic susceptibility"", ""magnetic field distortion"", ""Evans balance""], [""NMR frequency"", ""magnetic susceptibility"", ""crystal susceptibility"", ""magnetic field distortion"", ""Evans balance""], [""crossover experiment"", ""reaction mechanisms"", ""intramolecular mechanisms"", ""intermolecular pathways""], [""crossover experiment"", ""reaction mechanism analysis"", ""intermolecular mechanism"", ""intramolecular mechanism""], [""intermolecular mechanism"", ""crossover experiment"", ""reaction mechanisms"", ""reaction kinetics"", ""intramolecular mechanism""]]",Molecular Symmetry; Astrochemistry; Quantum Chemistry; Magnetic Resonance Spectroscopy; Magnetic Resonance Physics; Chemical Kinetics
math.HO,"[[""group principle"", ""projective geometry"", ""Erlangen program"", ""Felix Klein""], [""geometric characterization"", ""projective geometry"", ""group framework"", ""Erlangen program"", ""Felix Klein"", ""group theory""]]",Geometry Theory
math.LO,"[[""deductive rules"", ""proof framework"", ""formal framework"", ""axioms"", ""theorems""], [""proof principle"", ""deductive rules"", ""formal principle"", ""theorem derivation"", ""axioms""], [""proof principle"", ""deductive rules"", ""proof concept"", ""theorem derivation"", ""formal concept"", ""formal framework"", ""axioms""], [""proof principle"", ""deductive rules"", ""formal concept"", ""axioms"", ""theorems""]]",Formal Logic
nlin.CD,"[[""butterfly effect"", ""dynamical systems"", ""sensitive dependence"", ""initial conditions""], [""butterfly effect"", ""INUS conditions"", ""unstable equilibrium"", ""Newtonian physics"", ""distributed causality""]]",Chaos Theory
q-bio.PE,"[[""mutualistic symbiosis"", ""myrmecophytes"", ""mycorrhiza"", ""coevolutionary dynamics""]]",Evolutionary Ecology
nucl-ex,"[[""high-voltage transformer"", ""particle kinetic energies"", ""heavy-ion fusion"", ""accelerator-based light-ion fusion""], [""particle kinetic energy"", ""high-voltage transformer"", ""light-ion fusion"", ""accelerator-based fusion""], [""nuclear transmutation"", ""free neutron decay"", ""mass defect"", ""decay energy""], [""nuclear transmutation"", ""beta decay"", ""free neutron decay"", ""MeV units"", ""decay energy""], [""rarefaction"", ""nuclear detonation"", ""atmospheric physics"", ""transient condensation cloud"", ""Wilson cloud"", ""transient condensation""]]",Nuclear Physics
physics.med-ph,"[[""superconducting quantum interference devices"", ""magnetization measurement"", ""T1 relaxation"", ""magnetization"", ""Larmor precession"", ""ultra-low field MRI""]]",Magnetic Resonance Imaging
physics.optics,"[[""Fresnel equations"", ""circular polarization"", ""wave optics"", ""total internal reflection""], [""principle of least time"", ""law of refraction"", ""Fermat's principle"", ""optical density""], [""wave theory of light"", ""corpuscular theory"", ""rectilinear propagation"", ""critical angle"", ""Newton's optics""], [""temperature gradient"", ""light absorption"", ""particle migration"", ""indirect photophoresis"", ""thermophoresis""], [""temperature gradient"", ""particle migration"", ""radiative forces"", ""indirect photophoresis"", ""incident light absorption""], [""linear polarization"", ""Fresnel equations"", ""total internal reflection"", ""circular polarization""], [""Fresnel equations"", ""circular polarization"", ""total internal reflection"", ""refractive indices"", ""wave optics""], [""frustrated TIR"", ""evanescent-wave coupling"", ""quantum tunneling"", ""total internal reflection"", ""FTIR""], [""wave interference"", ""diffraction pattern"", ""optical physics"", ""angular spacing""], [""wave interference"", ""coherence length"", ""spatial coherence"", ""Young's double-slit interferometer"", ""optical interference"", ""visibility""], [""Optical Signal-to-Noise Ratio"", ""signal power"", ""noise power"", ""bandwidth"", ""dynamic range""], [""atmospheric refraction"", ""light wavelength"", ""spectral absorption"", ""Rayleigh scattering""], [""surface radiation"", ""radiant flux"", ""optical physics"", ""radiosity""], [""corpuscular theory"", ""rectilinear propagation"", ""critical angle"", ""Newton's optics""]]",Optics; Optical Physics; Wave Optics; Optical Engineering; Atmospheric Optics; Radiometry; Optics Physics
math.GR,"[[""group principle"", ""projective geometry"", ""Erlangen program"", ""Felix Klein""], [""geometric characterization"", ""projective geometry"", ""group framework"", ""Erlangen program"", ""Felix Klein"", ""group theory""]]",Geometry Theory
gr-qc,"[[""butterfly effect"", ""INUS conditions"", ""unstable equilibrium"", ""Newtonian physics"", ""distributed causality""], [""coordinate framework"", ""gravitational waves"", ""speed of gravity"", ""general relativity""], [""coordinate systems"", ""gravitational waves"", ""propagation speed"", ""general relativity""], [""equations of motion"", ""symmetry groups"", ""explicit symmetry breaking"", ""theoretical framework""], [""regularization"", ""mass-energy"", ""singularities"", ""renormalization"", ""quantum field theory""], [""INUS condition"", ""distributed causality"", ""Newtonian physics"", ""unstable equilibrium""], [""theoretical frameworks"", ""equations of motion"", ""symmetry principles"", ""explicit symmetry breaking"", ""theoretical mechanics""], [""angular momentum formalism"", ""Noether charge"", ""rotational invariance"", ""differential forms""], [""phase space continuity"", ""stochastic differential equations"", ""kinematic dynamo"", ""supersymmetry""], [""Maxwell's equations"", ""classical mechanics"", ""classical electrodynamics"", ""electromagnetism"", ""unified field theory""], [""spontaneous symmetry breaking"", ""local operator"", ""quantum field theory"", ""vacuum expectation value"", ""gauge symmetry""], [""stochastic supersymmetric principle"", ""hydromagnetic dynamo"", ""deterministic chaos"", ""kinematic approximation"", ""induction equation""], [""parity violation"", ""time invariance"", ""Ozma Problem"", ""parity"", ""mirror asymmetry"", ""chirality"", ""subatomic physics""], [""action principle"", ""Hamiltonian mechanics"", ""Euler-Lagrange equations"", ""Poisson algebra"", ""Peierls bracket"", ""quotient algebra"", ""canonical quantization""], [""approximate symmetry"", ""equations of motion"", ""explicit symmetry breaking"", ""symmetry principles""], [""special relativity"", ""spacetime physics"", ""inertial reference frame"", ""relativity of simultaneity""], [""classical mechanics"", ""wave-particle duality"", ""Euclidean space"", ""macroscopic motion"", ""quantum mechanics""], [""information loss paradox"", ""black hole evaporation"", ""Hawking radiation"", ""quantum mechanics""], [""special relativity"", ""Lorentz invariance"", ""Lorentz group"", ""boost velocity"", ""four-tensors"", ""spacetime manifold"", ""four-vectors""], [""special relativity"", ""four-dimensional model"", ""Minkowski space"", ""non-inertial reference frame"", ""spacetime manifold""], [""special relativity"", ""Minkowski diagram"", ""Lorentz transformations"", ""relativistic mechanics""], [""Modified Newtonian dynamics"", ""non-baryonic matter"", ""entropic gravity"", ""tensor\u2013vector\u2013scalar gravity""], [""maximal acceleration"", ""spacetime geometry"", ""Caianiello's theory"", ""quantum gravity""], [""linear momentum"", ""general principle of relativity"", ""frame dragging"", ""rotational momentum"", ""spacetime curvature""], [""gravitational permeability"", ""rotating matter"", ""time-varying gravitational fields"", ""gravitomagnetic interaction"", ""Meissner effect"", ""general relativity""], [""speed of gravity"", ""gravitational waves"", ""Einstein's field equations"", ""coordinate mechanism""], [""Schwarzschild black hole"", ""angular momentum"", ""spherical symmetry"", ""Birkhoff's theorem""], [""coordinate framework"", ""speed of gravity"", ""gravitational waves"", ""coordinate mechanism"", ""Einsteinian physics""], [""general principle of relativity"", ""rotational momentum"", ""linear frame dragging"", ""spacetime curvature""], [""gravitational permeability"", ""rotating matter"", ""general principle of relativity"", ""Meissner effect analogue"", ""gravitomagnetic interaction"", ""frame-dragging""], [""Gravity Probe B"", ""geodetic effect"", ""gravitomagnetism"", ""spacetime curvature"", ""de Sitter precession""], [""quadrupole formula"", ""gravitational waves"", ""wave amplitude"", ""spacetime oscillation""], [""LIGO data"", ""parallel analysis"", ""gravitational waves"", ""binary black holes"", ""distributed computing""]]",Theoretical Physics; General Relativity; Computational Astrophysics
astro-ph.CO,"[[""matter-antimatter imbalance"", ""quark-antiquark pairs"", ""baryon asymmetry"", ""early universe""], [""expansion history"", ""galactic observation"", ""galactic observations"", ""redshift-distance relationship"", ""matter and energy content""], [""light-years"", ""gigaparsecs"", ""proper distance"", ""redshift"", ""expansion of the universe""], [""scale factor"", ""Doppler effect"", ""cosmological redshift"", ""expansion of the universe""], [""galaxy distribution"", ""preferred length scale"", ""Baryon Acoustic Oscillations"", ""cosmic microwave background""], [""primordial symmetry"", ""cosmological evolution"", ""baryogenesis"", ""symmetry breaking"", ""matter-antimatter asymmetry""], [""cosmic inflation"", ""metric expansion"", ""inflaton field"", ""conformal cyclic cosmology""], [""Copernican principle"", ""inhomogeneous cosmology"", ""theoretical physics"", ""isotropic universe"", ""Lambda-CDM model"", ""dark energy models""], [""James Webb Space Telescope"", ""redshift"", ""Big Bang chronology"", ""high-redshift galaxy""]]",Cosmology; Observational Cosmology
physics.space-ph,"[[""plasma dynamics"", ""magnetosphere"", ""solar wind"", ""Kelvin-Helmholtz instability"", ""magnetic reconnection""], [""round-trip transit time"", ""Deep Space Network"", ""Lunar Laser Ranging"", ""deep space network"", ""radar astronomy""]]",Space Physics; Space Science
physics.class-ph,"[[""classical physics"", ""Maxwell's equations"", ""unified field theory"", ""electromagnetic theory""], [""magnetic susceptibility"", ""material properties"", ""magnetizing field intensity"", ""magnetization"", ""material classification""], [""electric field"", ""surface charge"", ""conductor proximity"", ""electrostatic interaction""], [""Gauss's law"", ""closed surface"", ""SI fundamental quantities"", ""cylindrical symmetry"", ""electric flux"", ""spherical symmetry""], [""stable equilibrium"", ""point charges"", ""Earnshaw's theorem"", ""electrostatic interaction""], [""macroscopic objects"", ""kinematics"", ""Euclidean space"", ""Newtonian physics"", ""physical quantities""], [""inertial property"", ""kinematics"", ""Newton's laws of motion"", ""constant velocity"", ""F=ma formula"", ""force-mass-acceleration"", ""F=ma""], [""macroscopic objects"", ""Euclidean space"", ""motion dynamics"", ""physical quantities""], [""dimensional quantities"", ""unit conversion"", ""reciprocal length"", ""inverse units""], [""sound wave amplitude"", ""acoustic physics"", ""loudness perception"", ""wave properties""], [""loudness proportionality"", ""frequency relationship"", ""sound wave amplitude"", ""wave mechanics""], [""loudness proportionality"", ""wave mechanics"", ""acoustic properties"", ""sound wave amplitude"", ""loudness perception""], [""propagation constant"", ""complex numbers"", ""sinusoidal waves"", ""phase change""], [""dimensional analysis"", ""SI units"", ""unit conversion"", ""physical quantities""], [""atomic time scale"", ""leap second"", ""Earth rotation"", ""Universal Time"", ""Earth rotation irregularities"", ""Coordinated Universal Time""]]",Electromagnetism; Classical Mechanics; Dimensional Analysis; Acoustics; Wave Physics; Physics Units; Chronometry
math.AT,"[[""cell complex"", ""dimension theory"", ""n-skeleton"", ""critical points"", ""discrete set boundary"", ""CW complex""]]",Algebraic Topology
math-ph,"[[""quantum theory"", ""geometric quantization"", ""classical theory"", ""mathematical approach""], [""geometric quantization"", ""quantum framework"", ""quantization theory"", ""mathematical physics"", ""classical framework""], [""geometric quantization"", ""mathematical framework"", ""classical principle"", ""quantum principle""]]",Mathematical Physics
q-bio.CB,"[[""osmosis"", ""electrochemical gradient"", ""active transport"", ""cellular energetics"", ""passive transport""]]",Cell Biology
physics.ed-ph,"[[""dimensional quantities"", ""unit conversion"", ""reciprocal length"", ""inverse units""], [""dimensional analysis"", ""SI units"", ""unit conversion"", ""physical quantities""]]",Dimensional Analysis; Physics Units
physics.ins-det,"[[""caesium atom transition"", ""time measurement"", ""international system of units"", ""SI base units"", ""international system units"", ""caesium frequency standard""], [""surface radiation"", ""radiant flux"", ""optical physics"", ""radiosity""]]",Metrology; Radiometry
hep-th,"[[""butterfly effect"", ""INUS conditions"", ""unstable equilibrium"", ""Newtonian physics"", ""distributed causality""], [""coordinate framework"", ""gravitational waves"", ""speed of gravity"", ""general relativity""], [""coordinate systems"", ""gravitational waves"", ""propagation speed"", ""general relativity""], [""equations of motion"", ""symmetry groups"", ""explicit symmetry breaking"", ""theoretical framework""], [""regularization"", ""mass-energy"", ""singularities"", ""renormalization"", ""quantum field theory""], [""INUS condition"", ""distributed causality"", ""Newtonian physics"", ""unstable equilibrium""], [""theoretical frameworks"", ""equations of motion"", ""symmetry principles"", ""explicit symmetry breaking"", ""theoretical mechanics""], [""angular momentum formalism"", ""Noether charge"", ""rotational invariance"", ""differential forms""], [""phase space continuity"", ""stochastic differential equations"", ""kinematic dynamo"", ""supersymmetry""], [""Maxwell's equations"", ""classical mechanics"", ""classical electrodynamics"", ""electromagnetism"", ""unified field theory""], [""spontaneous symmetry breaking"", ""local operator"", ""quantum field theory"", ""vacuum expectation value"", ""gauge symmetry""], [""stochastic supersymmetric principle"", ""hydromagnetic dynamo"", ""deterministic chaos"", ""kinematic approximation"", ""induction equation""], [""parity violation"", ""time invariance"", ""Ozma Problem"", ""parity"", ""mirror asymmetry"", ""chirality"", ""subatomic physics""], [""action principle"", ""Hamiltonian mechanics"", ""Euler-Lagrange equations"", ""Poisson algebra"", ""Peierls bracket"", ""quotient algebra"", ""canonical quantization""], [""approximate symmetry"", ""equations of motion"", ""explicit symmetry breaking"", ""symmetry principles""], [""special relativity"", ""spacetime physics"", ""inertial reference frame"", ""relativity of simultaneity""], [""classical mechanics"", ""wave-particle duality"", ""Euclidean space"", ""macroscopic motion"", ""quantum mechanics""], [""information loss paradox"", ""black hole evaporation"", ""Hawking radiation"", ""quantum mechanics""], [""special relativity"", ""Lorentz invariance"", ""Lorentz group"", ""boost velocity"", ""four-tensors"", ""spacetime manifold"", ""four-vectors""], [""special relativity"", ""four-dimensional model"", ""Minkowski space"", ""non-inertial reference frame"", ""spacetime manifold""], [""special relativity"", ""Minkowski diagram"", ""Lorentz transformations"", ""relativistic mechanics""], [""Modified Newtonian dynamics"", ""non-baryonic matter"", ""entropic gravity"", ""tensor\u2013vector\u2013scalar gravity""], [""maximal acceleration"", ""spacetime geometry"", ""Caianiello's theory"", ""quantum gravity""]]",Theoretical Physics
math.GT,"[[""hyperbolic plane"", ""isogonal"", ""vertex-transitive"", ""tessellation"", ""uniform tiling""], [""rational normal curve"", ""projective transformations"", ""group isomorphism"", ""isomorphic groups"", ""Hesse's principle of transfer""]]",Hyperbolic Geometry; Projective Geometry
eess.SY,"[[""system dynamics"", ""linear time-invariant"", ""signal processing"", ""transfer function"", ""mathematical modeling""], [""signal processing"", ""linear time-invariant systems"", ""transfer function"", ""system dynamics""], [""resistivity"", ""intrinsic property"", ""electrical current flow"", ""ohm-meters""]]",Control Systems Engineering; Electrical Engineering
physics.atom-ph,"[[""molecular geometry"", ""identical nuclei"", ""center of mass"", ""molecular rotation"", ""permutation-inversion groups"", ""symmetry operations""], [""identity operation"", ""point group theory"", ""molecular geometry"", ""symmetry groups""], [""identity operation"", ""center of inversion"", ""inversion center"", ""symmetry groups"", ""plane of symmetry"", ""center of mass""], [""caesium atom transition"", ""time measurement"", ""international system of units"", ""SI base units"", ""international system units"", ""caesium frequency standard""]]",Molecular Symmetry; Metrology
cond-mat.mes-hall,"[[""memristive network"", ""Type-II non-crossing curve"", ""two-terminal resistance memory"", ""ReRAM"", ""pinched hysteresis curves""], [""synapse transistor"", ""activity-based forgetting"", ""neuro-inspired circuits"", ""inactivity-based forgetting"", ""short-term potentiation""], [""domain dynamics"", ""resistive switching"", ""ferroelectric memristors"", ""piezoelectric field"", ""non-volatile memory""], [""synapse transistor"", ""synaptic plasticity"", ""neuro-inspired circuits"", ""short-term potentiation""], [""switching mechanism"", ""non-uniform elastic strain"", ""domain dynamics"", ""ferroelectric memristors"", ""piezoelectric field""], [""non-crossing curve"", ""resistance memory"", ""memristor"", ""ReRAM"", ""two-terminal devices"", ""pinched hysteresis curves""], [""thermal fluctuations"", ""memristive devices"", ""resistance-switching processes"", ""free-energy barriers"", ""stochasticity"", ""stochastic switching""], [""memristor"", ""switching resistance states"", ""switching states"", ""two-terminal resistance memory"", ""ReRAM"", ""pinched hysteresis curves""], [""brain\u2013computer interfaces"", ""in-memory computing"", ""physical neural networks"", ""memristor"", ""reconfigurable computing""], [""synapse transistor"", ""inactivity-based forgetting"", ""short-term potentiation"", ""neuro-inspired circuit""], [""magnetic fields"", ""De Haas-Van Alphen effect"", ""magnetization"", ""Fermi surface"", ""differential susceptibility""], [""quantum phenomena"", ""magnetic field"", ""electromagnetic phenomena"", ""spin axis"", ""superconductor"", ""quantum mechanics""], [""density of states"", ""metallic conductivity"", ""electronic entropy"", ""Fermi level"", ""insulator properties""], [""microscopic length scales"", ""permittivity"", ""wavevector dependence"", ""material parameters"", ""spatial dispersion"", ""continuous media""], [""density of states"", ""solid-state physics"", ""electronic entropy"", ""Fermi level"", ""insulators and metals""], [""physical structure"", ""physical systems"", ""phase transitions"", ""symmetry breaking"", ""order parameter""], [""physical framework"", ""physical mechanisms"", ""phase transitions"", ""symmetry breaking"", ""order parameter""], [""magnetic field oscillations"", ""AC permeability"", ""De Haas-Van Alphen effect"", ""Fermi surface"", ""differential susceptibility""], [""collective field"", ""electromagnetic gauge symmetry"", ""superconductors"", ""order parameter""], [""memristive devices"", ""MoOx/MoS2 heterostructure"", ""solution-processing technology"", ""transition metal dichalcogenides"", ""memcapacitive effect""], [""MoOx/MoS2 heterostructure"", ""transition metal dichalcogenides"", ""memcapacitive effect"", ""Atomristor"", ""memristive behavior""], [""switching mechanism"", ""domain dynamics"", ""ferroelectric memristors"", ""piezoelectric field"", ""elastic strain""], [""memristive devices"", ""MoOx/MoS2 heterostructure"", ""transition metal dichalcogenides"", ""Atomristor"", ""atomically thin nanomaterials""], [""spin valve"", ""N\u00e9el temperature"", ""blocking temperature"", ""magnetic pinning"", ""antiferromagnetic layer""], [""magnetization dynamics"", ""precessional motion"", ""Landau-Lifshitz-Gilbert equation"", ""ferromagnetic materials"", ""micromagnetics""], [""magnetic susceptibility"", ""magnetizing field intensity"", ""magnetization"", ""material classification""]]",Neuromorphic Engineering; Condensed Matter Physics; Nanoelectronics; Spintronics; Magnetism Physics; Magnetism
eess.SP,"[[""Optical Signal-to-Noise Ratio"", ""signal power"", ""noise power"", ""bandwidth"", ""dynamic range""], [""resistivity"", ""intrinsic property"", ""electrical current flow"", ""ohm-meters""]]",Optical Engineering; Electrical Engineering
astro-ph.EP,"[[""gravitationally bound"", ""planetary framework"", ""orbital mechanics"", ""non-stellar objects"", ""planetary structure""], [""non-stellar objects"", ""planetary system"", ""gravitationally bound"", ""orbital mechanics""], [""vacuum velocity"", ""light-year"", ""speed of light"", ""astronomical distances"", ""Julian year""], [""gravitationally bound"", ""planetary mechanism"", ""non-stellar objects"", ""orbital dynamics""], [""non-resonant-interacting"", ""hierarchical systems"", ""orbital dynamics"", ""resonant systems""], [""planetary systems"", ""resonant structures"", ""hierarchical frameworks"", ""orbital dynamics""], [""hierarchical structures"", ""resonant systems"", ""orbital dynamics"", ""resonant mechanisms"", ""planetary frameworks""], [""hierarchical systems"", ""orbital dynamics"", ""planetary frameworks"", ""resonant structures"", ""planetary mechanisms""], [""planetary interactions"", ""hierarchical frameworks"", ""orbital dynamics"", ""resonant mechanisms""], [""round-trip transit time"", ""Deep Space Network"", ""Lunar Laser Ranging"", ""deep space network"", ""radar astronomy""]]",Astronomy; Celestial Mechanics; Space Science
astro-ph.IM,"[[""gravitationally bound"", ""planetary framework"", ""orbital mechanics"", ""non-stellar objects"", ""planetary structure""], [""non-stellar objects"", ""planetary system"", ""gravitationally bound"", ""orbital mechanics""], [""vacuum velocity"", ""light-year"", ""speed of light"", ""astronomical distances"", ""Julian year""], [""gravitationally bound"", ""planetary mechanism"", ""non-stellar objects"", ""orbital dynamics""], [""illuminance"", ""luminous flux"", ""radiometric measurement"", ""luminance"", ""surface radiance""], [""light emission"", ""surface reflectance"", ""illuminance"", ""luminous flux"", ""radiometric measurement"", ""luminance"", ""solid angle""], [""LIGO data"", ""parallel analysis"", ""gravitational waves"", ""binary black holes"", ""distributed computing""], [""atomic time scale"", ""leap second"", ""Earth rotation"", ""Universal Time"", ""Earth rotation irregularities"", ""Coordinated Universal Time""]]",Astronomy; Photometry; Computational Astrophysics; Chronometry
nucl-th,"[[""high-voltage transformer"", ""particle kinetic energies"", ""heavy-ion fusion"", ""accelerator-based light-ion fusion""], [""particle kinetic energy"", ""high-voltage transformer"", ""light-ion fusion"", ""accelerator-based fusion""], [""nuclear transmutation"", ""free neutron decay"", ""mass defect"", ""decay energy""], [""nuclear transmutation"", ""beta decay"", ""free neutron decay"", ""MeV units"", ""decay energy""], [""rarefaction"", ""nuclear detonation"", ""atmospheric physics"", ""transient condensation cloud"", ""Wilson cloud"", ""transient condensation""]]",Nuclear Physics
physics.flu-dyn,"[[""pressure-temperature spike"", ""cavitation bubble"", ""acoustic shock wave"", ""implosion""], [""cavitation bubble"", ""implosion"", ""thermal energy release"", ""energy release"", ""vapor pressure"", ""acoustic shock wave""], [""heat transfer"", ""forced convection"", ""density displacement"", ""buoyancy-driven flow"", ""fluid flow"", ""natural convection""], [""fluid mechanics"", ""fluid velocity"", ""aerodynamic effects"", ""Bernoulli's principle"", ""pressure differential""], [""multi-scale motions"", ""time-averaged statistics"", ""coherent turbulent structures"", ""temporal coherence""], [""vapor pressure"", ""implosion dynamics"", ""cavitation bubble"", ""acoustic shock wave""], [""cavitation bubble"", ""vapor implosion"", ""pressure-temperature spikes"", ""acoustic shock wave"", ""pressure enhancement""], [""Bernoulli's principle"", ""fluid mechanics"", ""velocity-pressure relationship"", ""pressure differential""], [""fluid mechanics"", ""viscosity"", ""stress tensor"", ""Cauchy momentum equation"", ""Navier-Stokes equation"", ""constitutive relation"", ""fluid viscosity"", ""momentum conservation""], [""Newtonian fluids"", ""Navier-Stokes equations"", ""momentum balance"", ""partial differential equations"", ""conservation of mass"", ""viscous fluid substances""], [""fluid mechanics"", ""shock wave"", ""water hammer"", ""plumbing systems"", ""hydraulic transients"", ""pressure surge""], [""deposition patterns"", ""evaporation dynamics"", ""coffee ring effect"", ""evaporation kinetics"", ""particle-laden liquid"", ""surface tension""], [""Kutta condition"", ""circulation"", ""Kutta-Joukowski theorem"", ""inviscid flow"", ""airfoil aerodynamics""]]",Fluid Dynamics
